{"stats":{"minecraft:killed":{"minecraft:skeleton":1},"minecraft:used":{"minecraft:glass":40,"minecraft:crimson_fence":22,"minecraft:lantern":18,"minecraft:grass_block":22,"minecraft:oak_planks":114,"minecraft:cherry_planks":59,"minecraft:flowering_azalea_leaves":111,"minecraft:glowstone":32,"minecraft:cherry_stairs":209,"minecraft:chain":20,"tombstone:gift":1,"minecraft:oak_wood":9,"minecraft:spruce_log":73,"minecraft:bone_meal":15},"minecraft:killed_by":{"minecraft:creeper":1},"minecraft:mined":{"minecraft:grass":1},"minecraft:custom":{"minecraft:time_since_rest":6530,"minecraft:sprint_one_cm":67996,"minecraft:damage_taken":360,"minecraft:walk_one_cm":87540,"minecraft:mob_kills":1,"minecraft:drop":8,"minecraft:damage_dealt":150,"minecraft:fly_one_cm":136239,"minecraft:crouch_one_cm":2229,"minecraft:deaths":2,"tombstone:undead_killed":1,"minecraft:play_time":36532,"minecraft:sneak_time":1534,"minecraft:jump":318,"minecraft:leave_game":6,"minecraft:time_since_death":6668,"minecraft:total_world_time":36532,"minecraft:fall_one_cm":4942},"minecraft:dropped":{"minecraft:wheat_seeds":1,"minecraft:cornflower":1,"minecraft:oak_planks":1,"minecraft:lantern":1,"tombstone:decorative_grave_original":1,"minecraft:crimson_fence":1,"minecraft:arrow":1,"minecraft:grass_block":1},"minecraft:picked_up":{"minecraft:azure_bluet":2,"tombstone:decorative_grave_original":1,"minecraft:dandelion":2,"minecraft:cornflower":1,"minecraft:lantern":2,"minecraft:arrow":1,"minecraft:wheat_seeds":1}},"DataVersion":3465}