{"stats":{"minecraft:used":{"minecraft:glowstone":18,"minecraft:cherry_stairs":83,"minecraft:crimson_fence":15,"minecraft:grass_block":20,"minecraft:oak_planks":83,"minecraft:chain":13,"minecraft:oak_wood":4,"minecraft:cherry_planks":17,"minecraft:spruce_log":38,"minecraft:bone_meal":15,"minecraft:flowering_azalea_leaves":69},"minecraft:killed_by":{"minecraft:creeper":1},"minecraft:custom":{"minecraft:time_since_rest":3440,"minecraft:crouch_one_cm":1284,"minecraft:deaths":1,"minecraft:sprint_one_cm":27740,"minecraft:play_time":15835,"minecraft:damage_taken":255,"minecraft:walk_one_cm":43618,"minecraft:sneak_time":817,"minecraft:drop":2,"minecraft:jump":142,"minecraft:leave_game":3,"minecraft:time_since_death":4548,"minecraft:total_world_time":15835,"minecraft:fall_one_cm":3073,"minecraft:fly_one_cm":47816},"minecraft:dropped":{"minecraft:wheat_seeds":1,"minecraft:cornflower":1},"minecraft:picked_up":{"minecraft:azure_bluet":2,"minecraft:wheat_seeds":1,"minecraft:dandelion":2,"minecraft:cornflower":1}},"DataVersion":3465}